<?xml version="1.0" encoding="utf-8" standalone="yes"?><rss version="2.0" xmlns:atom="http://www.w3.org/2005/Atom"><channel><title>VeraDev on ScrapComputers</title><link>/contributors/veradev/</link><description>Recent content in VeraDev on ScrapComputers</description><generator>Hugo</generator><language>en</language><copyright>Copyright (c) 2024-present The ScrapComputers Team</copyright><lastBuildDate>Thu, 07 Sep 2023 16:27:22 +0200</lastBuildDate><atom:link href="/contributors/veradev/index.xml" rel="self" type="application/rss+xml"/><item><title>Test Post</title><link>/blog/test-post/</link><pubDate>Thu, 07 Sep 2023 16:27:22 +0200</pubDate><guid>/blog/test-post/</guid><description>This blog is just a test</description></item></channel></rss>