<?xml version="1.0" encoding="utf-8" standalone="yes"?><rss version="2.0" xmlns:atom="http://www.w3.org/2005/Atom"><channel><title>Static Function Namespaces on ScrapComputers</title><link>/docs/lua-api/static-functions-namespaces/</link><description>Recent content in Static Function Namespaces on ScrapComputers</description><generator>Hugo</generator><language>en</language><copyright>Copyright (c) 2024-present The ScrapComputers Team</copyright><atom:link href="/docs/lua-api/static-functions-namespaces/index.xml" rel="self" type="application/rss+xml"/><item><title>sc</title><link>/docs/lua-api/static-functions-namespaces/sc/</link><pubDate>Mon, 01 Jan 0001 00:00:00 +0000</pubDate><guid>/docs/lua-api/static-functions-namespaces/sc/</guid><description>Description All data inside the sc namespace!
Functions getDisplays Gets all connected displays from the computer
sc.getDisplays()Returns:
[ DisplayComponent[] ] All connected displays from the computer getDrives Gets all connected drives from the computer</description></item><item><title>sc.audio</title><link>/docs/lua-api/static-functions-namespaces/sc.audio/</link><pubDate>Mon, 01 Jan 0001 00:00:00 +0000</pubDate><guid>/docs/lua-api/static-functions-namespaces/sc.audio/</guid><description>Description The Audio Module for the computer API!
Structures AudioParameter Results for getParams
Fields: default [ number ] The default value maximum [ number ] The maximum value minimum [ number ] The minimum value ParamsIncorrectTable Result for areParamsCorrect.</description></item><item><title>sc.base64</title><link>/docs/lua-api/static-functions-namespaces/sc.base64/</link><pubDate>Mon, 01 Jan 0001 00:00:00 +0000</pubDate><guid>/docs/lua-api/static-functions-namespaces/sc.base64/</guid><description>Description The Base64 Module for the computer API!
Functions encode sc.base64.encode( data )Converts a string to be Base64 encoded</description></item><item><title>sc.color</title><link>/docs/lua-api/static-functions-namespaces/sc.color/</link><pubDate>Mon, 01 Jan 0001 00:00:00 +0000</pubDate><guid>/docs/lua-api/static-functions-namespaces/sc.color/</guid><description>Description The Color Module for the computer API!
Functions newSingluar sc.color.newSingluar( rgbNum )Creates a new color from 1 value. Whatever rgbNum&amp;rsquo;s value has will be set on R, G, and B.</description></item><item><title>sc.fontmanager</title><link>/docs/lua-api/static-functions-namespaces/sc.fontmanager/</link><pubDate>Mon, 01 Jan 0001 00:00:00 +0000</pubDate><guid>/docs/lua-api/static-functions-namespaces/sc.fontmanager/</guid><description>Description The font manager allows you to, of course, manage fonts. You can get font information, get all font names you can use, etc.</description></item><item><title>sc.json</title><link>/docs/lua-api/static-functions-namespaces/sc.json/</link><pubDate>Mon, 01 Jan 0001 00:00:00 +0000</pubDate><guid>/docs/lua-api/static-functions-namespaces/sc.json/</guid><description>Description The JSON Module for the computer API!
Functions isSafe sc.json.isSafe( root )Returns true if a tlua table is safe to convert to JSON.</description></item><item><title>sc.math</title><link>/docs/lua-api/static-functions-namespaces/sc.math/</link><pubDate>Mon, 01 Jan 0001 00:00:00 +0000</pubDate><guid>/docs/lua-api/static-functions-namespaces/sc.math/</guid><description>Description A helper module for your needs that are math-related
Functions clamp sc.math.clamp(value, min, max)Clamps a number value to be ranged from the min argument to the max argument.</description></item><item><title>sc.md5</title><link>/docs/lua-api/static-functions-namespaces/sc.md5/</link><pubDate>Mon, 01 Jan 0001 00:00:00 +0000</pubDate><guid>/docs/lua-api/static-functions-namespaces/sc.md5/</guid><description>Description An encryption module for MD5 only! (Even tho it&amp;rsquo;s no longer recommended to use this for encryption! )
Functions new sc.</description></item><item><title>sc.sha256</title><link>/docs/lua-api/static-functions-namespaces/sc.sha256/</link><pubDate>Mon, 01 Jan 0001 00:00:00 +0000</pubDate><guid>/docs/lua-api/static-functions-namespaces/sc.sha256/</guid><description>Description The SHA256 Module for the computer API!
You can only encode. Nothing else&amp;hellip;
Functions encode sc.sha256.encode( str )Encodes a string to be SHA256</description></item><item><title>sc.table</title><link>/docs/lua-api/static-functions-namespaces/sc.table/</link><pubDate>Mon, 01 Jan 0001 00:00:00 +0000</pubDate><guid>/docs/lua-api/static-functions-namespaces/sc.table/</guid><description>Description The Table Module for the computer API!
Functions clone sc.table.clone( tbl )Clones a table
This function doesn't really need to existThis function is utterly unnecessary but in SOME situations is useful.</description></item></channel></rss>