<?xml version="1.0" encoding="utf-8" standalone="yes"?><rss version="2.0" xmlns:atom="http://www.w3.org/2005/Atom"><channel><title>ScrapComputers</title><link>/</link><description>Recent content on ScrapComputers</description><generator>Hugo</generator><language>en</language><copyright>Copyright (c) 2024-present The ScrapComputers Team</copyright><lastBuildDate>Thu, 07 Sep 2023 16:27:22 +0200</lastBuildDate><atom:link href="/index.xml" rel="self" type="application/rss+xml"/><item><title>Test Post</title><link>/blog/test-post/</link><pubDate>Thu, 07 Sep 2023 16:27:22 +0200</pubDate><guid>/blog/test-post/</guid><description>This blog is just a test</description></item><item><title>Antenna</title><link>/docs/lua-api/components/antenna/</link><pubDate>Mon, 01 Jan 0001 00:00:00 +0000</pubDate><guid>/docs/lua-api/components/antenna/</guid><description>Description The antenna component is connected to a network port. If connected, You would be able to send data to other antenna&amp;rsquo;s wireless!</description></item><item><title>Camera</title><link>/docs/lua-api/components/camera/</link><pubDate>Mon, 01 Jan 0001 00:00:00 +0000</pubDate><guid>/docs/lua-api/components/camera/</guid><description>Description The camera allows you to take screenshots or even render video from the world to your display! Our camera looks great while not even touching the raytracing.</description></item><item><title>Display</title><link>/docs/lua-api/components/display/</link><pubDate>Mon, 01 Jan 0001 00:00:00 +0000</pubDate><guid>/docs/lua-api/components/display/</guid><description>Description The display is like a monitor but in Scrap Mechanic. Allows you to draw anything on it with a computer.</description></item><item><title>Drive</title><link>/docs/lua-api/components/drive/</link><pubDate>Mon, 01 Jan 0001 00:00:00 +0000</pubDate><guid>/docs/lua-api/components/drive/</guid><description>Description A drive allows you to store anything* inside it. You can also go interact with it to modify its data there without doing it via code.</description></item><item><title>Getting Started</title><link>/docs/guides/getting-started/</link><pubDate>Mon, 01 Jan 0001 00:00:00 +0000</pubDate><guid>/docs/guides/getting-started/</guid><description>This guide will give you a setup to start projects with ScrapComputers via the Computer API
Before you do anything If you do NOT have any Lua 5.</description></item><item><title>Global Variables</title><link>/docs/lua-api/global-variables/</link><pubDate>Mon, 01 Jan 0001 00:00:00 +0000</pubDate><guid>/docs/lua-api/global-variables/</guid><description>Description Generally contains functions that were modified to do something different.
Functions print print( ... )Prints text to the chat.</description></item><item><title>Hologram</title><link>/docs/lua-api/components/hologram/</link><pubDate>Mon, 01 Jan 0001 00:00:00 +0000</pubDate><guid>/docs/lua-api/components/hologram/</guid><description>Description The hologram are like Display&amp;rsquo;s but instead of being in 2D, Its in 3D. You can r
Functions createCube Hologram.</description></item><item><title>HologramObject</title><link>/docs/lua-api/user-data/hologramobject/</link><pubDate>Mon, 01 Jan 0001 00:00:00 +0000</pubDate><guid>/docs/lua-api/user-data/hologramobject/</guid><description>Description A HologramObject is an object from a hologram. AKA: An object that you&amp;rsquo;re rendering on the hologram.
Functions getId HologramObject.</description></item><item><title>How to use our script template</title><link>/docs/guides/how-to-use-our-script-template/</link><pubDate>Mon, 01 Jan 0001 00:00:00 +0000</pubDate><guid>/docs/guides/how-to-use-our-script-template/</guid><description>This will provide you additional information of how you can use our Script Template.
When you load up our Script Template example or use the Main.</description></item></channel></rss>