<?xml version="1.0" encoding="utf-8" standalone="yes"?><rss version="2.0" xmlns:atom="http://www.w3.org/2005/Atom"><channel><title>Lua API on ScrapComputers</title><link>/docs/lua-api/</link><description>Recent content in Lua API on ScrapComputers</description><generator>Hugo</generator><language>en</language><copyright>Copyright (c) 2024-present The ScrapComputers Team</copyright><atom:link href="/docs/lua-api/index.xml" rel="self" type="application/rss+xml"/><item><title>Global Variables</title><link>/docs/lua-api/global-variables/</link><pubDate>Mon, 01 Jan 0001 00:00:00 +0000</pubDate><guid>/docs/lua-api/global-variables/</guid><description>Description Generally contains functions that were modified to do something different.
Functions print print( ... )Prints text to the chat.</description></item></channel></rss>