<?xml version="1.0" encoding="utf-8" standalone="yes"?><rss version="2.0" xmlns:atom="http://www.w3.org/2005/Atom"><channel><title>Contributors on ScrapComputers</title><link>/contributors/</link><description>Recent content in Contributors on ScrapComputers</description><generator>Hugo</generator><language>en</language><copyright>Copyright (c) 2024-present The ScrapComputers Team</copyright><lastBuildDate>Thu, 07 Sep 2023 16:27:22 +0200</lastBuildDate><atom:link href="/contributors/index.xml" rel="self" type="application/rss+xml"/><item><title>VeraDev</title><link>/contributors/veradev/</link><pubDate>Mon, 01 Jan 0001 00:00:00 +0000</pubDate><guid>/contributors/veradev/</guid><description/></item></channel></rss>