<?xml version="1.0" encoding="utf-8" standalone="yes"?><rss version="2.0" xmlns:atom="http://www.w3.org/2005/Atom"><channel><title>Guides on ScrapComputers</title><link>/docs/guides/</link><description>Recent content in Guides on ScrapComputers</description><generator>Hugo</generator><language>en</language><copyright>Copyright (c) 2024-present The ScrapComputers Team</copyright><atom:link href="/docs/guides/index.xml" rel="self" type="application/rss+xml"/><item><title>Getting Started</title><link>/docs/guides/getting-started/</link><pubDate>Mon, 01 Jan 0001 00:00:00 +0000</pubDate><guid>/docs/guides/getting-started/</guid><description>This guide will give you a setup to start projects with ScrapComputers via the Computer API
Before you do anything If you do NOT have any Lua 5.</description></item><item><title>How to use our script template</title><link>/docs/guides/how-to-use-our-script-template/</link><pubDate>Mon, 01 Jan 0001 00:00:00 +0000</pubDate><guid>/docs/guides/how-to-use-our-script-template/</guid><description>This will provide you additional information of how you can use our Script Template.
When you load up our Script Template example or use the Main.</description></item></channel></rss>