<?xml version="1.0" encoding="utf-8" standalone="yes"?><rss version="2.0" xmlns:atom="http://www.w3.org/2005/Atom"><channel><title>Addon API on ScrapComputers</title><link>/docs/addon-api/</link><description>Recent content in Addon API on ScrapComputers</description><generator>Hugo</generator><language>en</language><copyright>Copyright (c) 2024-present The ScrapComputers Team</copyright><atom:link href="/docs/addon-api/index.xml" rel="self" type="application/rss+xml"/><item><title>Note</title><link>/docs/addon-api/note/</link><pubDate>Mon, 01 Jan 0001 00:00:00 +0000</pubDate><guid>/docs/addon-api/note/</guid><description>There&amp;rsquo;s a problem with the Addon System which limits us from making the addon system better. For some stupid reason, we cannot load the configuration due to sm.</description></item></channel></rss>