<?xml version="1.0" encoding="utf-8" standalone="yes"?><rss version="2.0" xmlns:atom="http://www.w3.org/2005/Atom"><channel><title>Components on ScrapComputers</title><link>/docs/lua-api/components/</link><description>Recent content in Components on ScrapComputers</description><generator>Hugo</generator><language>en</language><copyright>Copyright (c) 2024-present The ScrapComputers Team</copyright><atom:link href="/docs/lua-api/components/index.xml" rel="self" type="application/rss+xml"/><item><title>Antenna</title><link>/docs/lua-api/components/antenna/</link><pubDate>Mon, 01 Jan 0001 00:00:00 +0000</pubDate><guid>/docs/lua-api/components/antenna/</guid><description>Description The antenna component is connected to a network port. If connected, You would be able to send data to other antenna&amp;rsquo;s wireless!</description></item><item><title>Camera</title><link>/docs/lua-api/components/camera/</link><pubDate>Mon, 01 Jan 0001 00:00:00 +0000</pubDate><guid>/docs/lua-api/components/camera/</guid><description>Description The camera allows you to take screenshots or even render video from the world to your display! Our camera looks great while not even touching the raytracing.</description></item><item><title>Display</title><link>/docs/lua-api/components/display/</link><pubDate>Mon, 01 Jan 0001 00:00:00 +0000</pubDate><guid>/docs/lua-api/components/display/</guid><description>Description The display is like a monitor but in Scrap Mechanic. Allows you to draw anything on it with a computer.</description></item><item><title>Drive</title><link>/docs/lua-api/components/drive/</link><pubDate>Mon, 01 Jan 0001 00:00:00 +0000</pubDate><guid>/docs/lua-api/components/drive/</guid><description>Description A drive allows you to store anything* inside it. You can also go interact with it to modify its data there without doing it via code.</description></item><item><title>Hologram</title><link>/docs/lua-api/components/hologram/</link><pubDate>Mon, 01 Jan 0001 00:00:00 +0000</pubDate><guid>/docs/lua-api/components/hologram/</guid><description>Description The hologram are like Display&amp;rsquo;s but instead of being in 2D, Its in 3D. You can r
Functions createCube Hologram.</description></item><item><title>Keyboard</title><link>/docs/lua-api/components/keyboard/</link><pubDate>Mon, 01 Jan 0001 00:00:00 +0000</pubDate><guid>/docs/lua-api/components/keyboard/</guid><description>Description It&amp;rsquo;s like a virtual keyboard! You can interact with it and then type anything and the computer will be able to read it!</description></item><item><title>Laser</title><link>/docs/lua-api/components/laser/</link><pubDate>Mon, 01 Jan 0001 00:00:00 +0000</pubDate><guid>/docs/lua-api/components/laser/</guid><description>Description The Laser is like a normal scrap mechanic sensor but instead of ON or OFF, It provides more information which could be useful for things like Robot kinematics (More like Sensor-Enhanced Kinematics)</description></item><item><title>Motor</title><link>/docs/lua-api/components/motor/</link><pubDate>Mon, 01 Jan 0001 00:00:00 +0000</pubDate><guid>/docs/lua-api/components/motor/</guid><description>Description The motor allows you to control what the bearings and pistons should do.
Functions setBearingSpeed Motor.setBearingSpeed( speed )Sets the bearing(s) speed</description></item><item><title>Network Port</title><link>/docs/lua-api/components/network-port/</link><pubDate>Mon, 01 Jan 0001 00:00:00 +0000</pubDate><guid>/docs/lua-api/components/network-port/</guid><description>Description The network port allows you to send data to other network ports.
Functions getAntenna NetworkPort.getAntenna()Gets the connected antenna</description></item><item><title>Radar</title><link>/docs/lua-api/components/radar/</link><pubDate>Mon, 01 Jan 0001 00:00:00 +0000</pubDate><guid>/docs/lua-api/components/radar/</guid><description>Description The radar allows you to detect objects around you.
Structure Target A target is an object detected from the radar</description></item></channel></rss>