<?xml version="1.0" encoding="utf-8" standalone="yes"?><rss version="2.0" xmlns:atom="http://www.w3.org/2005/Atom"><channel><title>Categories on ScrapComputers</title><link>/categories/</link><description>Recent content in Categories on ScrapComputers</description><generator>Hugo</generator><language>en</language><copyright>Copyright (c) 2024-present The ScrapComputers Team</copyright><lastBuildDate>Thu, 07 Sep 2023 16:27:22 +0200</lastBuildDate><atom:link href="/categories/index.xml" rel="self" type="application/rss+xml"/><item><title>Bard</title><link>/categories/bard/</link><pubDate>Mon, 01 Jan 0001 00:00:00 +0000</pubDate><guid>/categories/bard/</guid><description/></item><item><title>Test</title><link>/categories/test/</link><pubDate>Mon, 01 Jan 0001 00:00:00 +0000</pubDate><guid>/categories/test/</guid><description/></item></channel></rss>