<?xml version="1.0" encoding="utf-8" standalone="yes"?><rss version="2.0" xmlns:atom="http://www.w3.org/2005/Atom"><channel><title>ScrapComputers - Documentation on ScrapComputers</title><link>/docs/</link><description>Recent content in ScrapComputers - Documentation on ScrapComputers</description><generator>Hugo</generator><language>en</language><copyright>Copyright (c) 2024-present The ScrapComputers Team</copyright><atom:link href="/docs/index.xml" rel="self" type="application/rss+xml"/></channel></rss>