<?xml version="1.0" encoding="utf-8" standalone="yes"?><rss version="2.0" xmlns:atom="http://www.w3.org/2005/Atom"><channel><title>Userdata on ScrapComputers</title><link>/docs/lua-api/user-data/</link><description>Recent content in Userdata on ScrapComputers</description><generator>Hugo</generator><language>en</language><copyright>Copyright (c) 2024-present The ScrapComputers Team</copyright><atom:link href="/docs/lua-api/user-data/index.xml" rel="self" type="application/rss+xml"/><item><title>HologramObject</title><link>/docs/lua-api/user-data/hologramobject/</link><pubDate>Mon, 01 Jan 0001 00:00:00 +0000</pubDate><guid>/docs/lua-api/user-data/hologramobject/</guid><description>Description A HologramObject is an object from a hologram. AKA: An object that you&amp;rsquo;re rendering on the hologram.
Functions getId HologramObject.</description></item><item><title>MD5Stream</title><link>/docs/lua-api/user-data/md5stream/</link><pubDate>Mon, 01 Jan 0001 00:00:00 +0000</pubDate><guid>/docs/lua-api/user-data/md5stream/</guid><description>Description This is an MD5 Stream, Allows you to add additional data.
Fields a [ number ] Unknown. Default Value is 0x67452301 (Number form: 1732584193) b [ number ] Unknown.</description></item></channel></rss>